Site ID,Governing LHN,Geographical LHN,Site Name,Address,Suburb,Notes,Search Address,Latitude,Longitude
1,BHFLHN,BHFLHN,Angaston and District Hospital,29 North Street,ANGASTON,,"Angaston and District Hospital, 29 North Street, ANGASTON",-34.50382993,139.0539872
2,BHFLHN,BHFLHN,Mount Barker Hospital,87 Wellington Road,MOUNT BARKER,,"Mount Barker Hospital, 87 Wellington Road, MOUNT BARKER",-35.0823035,138.8700195
3,BHFLHN,BHFLHN,Country Health Connect - Inner North,16 River Road,NURIOOTPA,,"Country Health Connect - Inner North, 16 River Road, NURIOOTPA",-34.47256017,139.0063801
4,BHFLHN,BHFLHN,Country SA PHN,57 Wellington Road,MOUNT BARKER,,"Country SA PHN, 57 Wellington Road, MOUNT BARKER",-35.07939724,138.8664368
5,BHFLHN,BHFLHN,Eudunda Hospital,40 Ward Street,EUDUNDA,,"Eudunda Hospital, 40 Ward Street, EUDUNDA",-34.17526407,139.0905084
6,BHFLHN,BHFLHN,Gawler Health Service,Hutchinson Road,GAWLER,,"Gawler Health Service, Hutchinson Road, GAWLER",-34.59325962,138.755163
7,BHFLHN,BHFLHN,Gumeracha District Soldiers Memorial Hospital,2 Albert Street,GUMERACHA,,"Gumeracha District Soldiers Memorial Hospital, 2 Albert Street, GUMERACHA",-34.82624645,138.881879
8,BHFLHN,BHFLHN,Kangaroo Island Health Service,Esplanade,KINGSCOTE,,"Kangaroo Island Health Service, Esplanade, KINGSCOTE",-35.65280941,137.6413058
9,BHFLHN,BHFLHN,Kapunda Hospital ,24-30 Nash Street,KAPUNDA,,"Kapunda Hospital , 24-30 Nash Street, KAPUNDA",-34.33052195,138.9219032
10,BHFLHN,BHFLHN,Mount Pleasant District Hospital,28 Hospital Road,MOUNT PLEASANT,,"Mount Pleasant District Hospital, 28 Hospital Road, MOUNT PLEASANT",-34.77392231,139.0545771
11,BHFLHN,BHFLHN,Rural Support Service - Tanunda,"Suite 3, 30-38, Tanunda Road ",NURIOOTPA,,"Rural Support Service - Tanunda, Suite 3, 30-38, Tanunda Road , NURIOOTPA",-34.48190557,138.9907538
12,BHFLHN,BHFLHN,Strathalbyn and District Health Service,14 Alfred Place,STRATHALBYN,,"Strathalbyn and District Health Service, 14 Alfred Place, STRATHALBYN",-35.25760473,138.8934322
13,BHFLHN,BHFLHN,Tanunda War Memorial Hospital,15 Mill Street,TANUNDA,,"Tanunda War Memorial Hospital, 15 Mill Street, TANUNDA",-34.52790438,138.9608906
14,BHFLHN,BHFLHN,Victor Harbor Hospital (Southern Fleurieu Health Service),Bay Road,VICTOR HARBOR,,"Victor Harbor Hospital (Southern Fleurieu Health Service), Bay Road, VICTOR HARBOR",-35.56127425,138.6072825
15,CALHN,CALHN,Adelaide Sexual Health Centre,260 Currie Street,ADELAIDE,,"Adelaide Sexual Health Centre, 260 Currie Street, ADELAIDE",-34.92456527,138.5885929
16,CALHN,CALHN,Basil Hetzel Institute - QEH Research,"BHI Building, 33A Woodville Road",WOODVILLE,,"Basil Hetzel Institute - QEH Research, BHI Building, 33A Woodville Road, WOODVILLE",-34.88149298,138.5340736
17,CALHN,NALHN,CALHN Integrated Care,"Northwood Plaza, 5/221 Main Road",SEFTON PARK,,"CALHN Integrated Care, Northwood Plaza, 5/221 Main Road, SEFTON PARK",-34.87746121,138.6028421
18,CALHN,CALHN,Centre for Treatment of Anxiety and Depression,30 Anderson Street,THEBARTON,,"Centre for Treatment of Anxiety and Depression, 30 Anderson Street, THEBARTON",-34.91190833,138.5732181
19,CALHN,CALHN,Eastern Community Mental Health Centre,172 Glynburn Road,TRANMERE,,"Eastern Community Mental Health Centre, 172 Glynburn Road, TRANMERE",-34.90225275,138.6580054
20,CALHN,CALHN,Glenside Health Services,226 Fullarton Road,GLENSIDE,,"Glenside Health Services, 226 Fullarton Road, GLENSIDE",-34.94491368,138.6272324
21,CALHN,CALHN,Glenside Health Services,2 Karrayarta Drive,GLENSIDE,,"Glenside Health Services, 2 Karrayarta Drive, GLENSIDE",-34.94500829,138.627143
22,CALHN,CALHN,Hampstead Rehabilitation Centre,207-255 Hampstead Road,NORTHFIELD,,"Hampstead Rehabilitation Centre, 207-255 Hampstead Road, NORTHFIELD",-34.86112402,138.6186697
23,CALHN,CALHN,Hampstead Dialysis Centre,237 Hampstead Road,LIGHTSVIEW,,"Hampstead Dialysis Centre, 237 Hampstead Road, LIGHTSVIEW",-34.85999989,138.618605
24,CALHN,CALHN,O'Brien Street Practice,17 Obrien Street,ADELAIDE,,"O'Brien Street Practice, 17 Obrien Street, ADELAIDE",-34.93398586,138.5894329
25,CALHN,CALHN,Older Persons Mental Health Services - Eastern Community ,367A Magill Road,ST MORRIS,,"Older Persons Mental Health Services - Eastern Community , 367A Magill Road, ST MORRIS",-34.91399406,138.6512454
26,CALHN,CALHN,Older Persons Mental Health Services - Western Community ,308-320 Grange Road,KIDMAN PARK,,"Older Persons Mental Health Services - Western Community , 308-320 Grange Road, KIDMAN PARK",-34.9061565,138.5315026
27,CALHN,CALHN,Parkwynd, 137 East Terrace,ADELAIDE,,"Parkwynd,  137 East Terrace, ADELAIDE",-34.92820444,138.6142538
28,CALHN,CALHN,Pregnancy Advisory Centre,707 Port Road,WOODVILLE PARK,,"Pregnancy Advisory Centre, 707 Port Road, WOODVILLE PARK",-34.88476709,138.542188
29,CALHN,CALHN,Primary Health Care Services,21 Market Street,ADELAIDE,,"Primary Health Care Services, 21 Market Street, ADELAIDE",-34.93100726,138.5974367
30,CALHN,CALHN,Refugee Health Service,21 Market Street,ADELAIDE,,"Refugee Health Service, 21 Market Street, ADELAIDE",-34.9309986,138.5974311
31,CALHN,CALHN,Remote Mental Health Service - Glenside Health Service,Unit 2/257 Fullarton Road,PARKSIDE,,"Remote Mental Health Service - Glenside Health Service, Unit 2/257 Fullarton Road, PARKSIDE",-34.94482833,138.628496
32,CALHN,CALHN,Royal Adelaide Hospital,George Street,ADELAIDE,,"Royal Adelaide Hospital, George Street, ADELAIDE",-34.92102698,138.5872388
33,CALHN,CALHN,RAH - Adelaide Day Centre,21 North Terrace,ADELAIDE,,"RAH - Adelaide Day Centre, 21 North Terrace, ADELAIDE",-34.92227905,138.5889843
34,CALHN,CALHN,St Margaret's Hospital,65 Military Road,SEMAPHORE SOUTH,,"St Margaret's Hospital, 65 Military Road, SEMAPHORE SOUTH",-34.84657268,138.4807705
35,CALHN,CALHN,The Queen Elizabeth Hospital,28 Woodville Road,WOODVILLE,,"The Queen Elizabeth Hospital, 28 Woodville Road, WOODVILLE",-34.88374001,138.5330743
36,CALHN,CALHN,The Queen Elizabeth Hospital,37A Woodville Road,WOODVILLE,,"The Queen Elizabeth Hospital, 37A Woodville Road, WOODVILLE",-34.88328258,138.5334175
37,CALHN,CALHN,Western Community Mental Health,57 Woodville Road,WOODVILLE,,"Western Community Mental Health, 57 Woodville Road, WOODVILLE",-34.87908427,138.5365779
38,CALHN,CALHN,Western Intermediate Care Centre,94-102 Webb Street,QUEENSTOWN,,"Western Intermediate Care Centre, 94-102 Webb Street, QUEENSTOWN",-34.85489754,138.5088378
39,CALHN,FUNLHN,Port Augusta Hospital and Regional Health Service,71 Hospital Road,PORT AUGUSTA,,"Port Augusta Hospital and Regional Health Service, 71 Hospital Road, PORT AUGUSTA",-32.51006434,137.7758868
40,CALHN,NALHN,Forensic Mental Health - James Nash House,140 Hilltop Road,OAKDEN,,"Forensic Mental Health - James Nash House, 140 Hilltop Road, OAKDEN",-34.85011961,138.6371428
41,CALHN,SALHN,Statewide Rehabilitation Services - Repat,216 Daws Road,DAW PARK,,"Statewide Rehabilitation Services - Repat, 216 Daws Road, DAW PARK",-34.99170697,138.5901175
42,CALHN,BHFLHN,SA Dental - Evanston,20 Para Road,EVANSTON,,"SA Dental - Evanston, 20 Para Road, EVANSTON",-34.61623628,138.7339754
43,CALHN,BHFLHN,SA Dental - Gawler,21 Hutchinson Road,GAWLER EAST,,"SA Dental - Gawler, 21 Hutchinson Road, GAWLER EAST",-34.59340749,138.7551738
44,CALHN,BHFLHN,SA Dental - Mt Barker CDS,"Mt Barker District Hospital, Wellington Road",MOUNT BARKER,,"SA Dental - Mt Barker CDS, Mt Barker District Hospital, Wellington Road, MOUNT BARKER",-35.08230234,138.8700179
45,CALHN,BHFLHN,SA Dental - Mt Barker SDS,87 Wellington Road,MOUNT BARKER,,"SA Dental - Mt Barker SDS, 87 Wellington Road, MOUNT BARKER",-35.0815961,138.8698456
46,CALHN,BHFLHN,SA Dental - Mt Barker SDS,"Mt Barker Primary School, Dumas Street",MOUNT BARKER,,"SA Dental - Mt Barker SDS, Mt Barker Primary School, Dumas Street, MOUNT BARKER",-35.06815487,138.8533803
47,CALHN,BHFLHN,SA Dental - Victor Harbor,"South Coast District Hospital, Bay Road",VICTOR HARBOR,,"SA Dental - Victor Harbor, South Coast District Hospital, Bay Road, VICTOR HARBOR",-35.56085465,138.6073878
48,CALHN,BHFLHN,SA Dental - Victor Harbor,"C/- South Coast District Hospital, Bay Road",VICTOR HARBOR,,"SA Dental - Victor Harbor, C/- South Coast District Hospital, Bay Road, VICTOR HARBOR",-35.56084947,138.6073887
49,CALHN,CALHN,SA Dental - Adelaide Dental Hospital,Corner North Terrace and George Street,ADELAIDE,,"SA Dental - Adelaide Dental Hospital, Corner North Terrace and George Street, ADELAIDE",-34.92166572,138.5912487
50,CALHN,CALHN,SA Dental - Fulham Gardens,"Fulham Gardens Primary School, Mitton Avenue",HENLEY BEACH,,"SA Dental - Fulham Gardens, Fulham Gardens Primary School, Mitton Avenue, HENLEY BEACH",-34.91278588,138.5041791
51,CALHN,CALHN,SA Dental - Hendon,"Hendon Primary School, North Parade",ROYAL PARK,,"SA Dental - Hendon, Hendon Primary School, North Parade, ROYAL PARK",-34.87895357,138.5109054
52,CALHN,CALHN,SA Dental - Linden Park,"Linden Park Primary School, 5 Highfield Avenue",ST GEORGES,,"SA Dental - Linden Park, Linden Park Primary School, 5 Highfield Avenue, ST GEORGES",-34.94820723,138.6445638
53,CALHN,CALHN,SA Dental - Magill,"Magill Primary School, Park Street",MAGILL,,"SA Dental - Magill, Magill Primary School, Park Street, MAGILL",-34.91398088,138.67921
54,CALHN,CALHN,SA Dental - Marleston,229B Marion Road,MARLESTON,,"SA Dental - Marleston, 229B Marion Road, MARLESTON",-34.94504112,138.5541732
55,CALHN,CALHN,SA Dental - Northfield Adelaide Women's Prison,Grand Junction Road,NORTHFIELD,,"SA Dental - Northfield Adelaide Women's Prison, Grand Junction Road, NORTHFIELD",-34.84537384,138.6415704
56,CALHN,CALHN,SA Dental - Pennington,"Pennington Primary School, Butler Avenue",PENNINGTON,,"SA Dental - Pennington, Pennington Primary School, Butler Avenue, PENNINGTON",-34.85700723,138.5326162
57,CALHN,CALHN,SA Dental - Prospect,"Prospect Primary School, Burrage Place",PROSPECT,,"SA Dental - Prospect, Prospect Primary School, Burrage Place, PROSPECT",-34.88440846,138.59083
58,CALHN,CALHN,SA Dental - Pt Adelaide,"Wonggangga Turtpandi, Cnr Dale & Church Streets",PORT ADELAIDE,,"SA Dental - Pt Adelaide, Wonggangga Turtpandi, Cnr Dale & Church Streets, PORT ADELAIDE",-34.84694099,138.502748
59,CALHN,CALHN,SA Dental - Yatala Prison,1 Peter Brown Drive,NORTHFIELD,,"SA Dental - Yatala Prison, 1 Peter Brown Drive, NORTHFIELD",-34.84703987,138.6277279
60,CALHN,FUNLHN,SA Dental - Pt Augusta,"Flinders Terrace Health Centre, 36 Flinders Terrace",PORT AUGUSTA,,"SA Dental - Pt Augusta, Flinders Terrace Health Centre, 36 Flinders Terrace, PORT AUGUSTA",-32.49318918,137.7654148
61,CALHN,FUNLHN,SA Dental - Pt Augusta Prison,Augusta Highway,PORT AUGUSTA,,"SA Dental - Pt Augusta Prison, Augusta Highway, PORT AUGUSTA",-32.51362631,137.8130103
62,CALHN,FUNLHN,SA Dental - Whyalla,111 Nicolson Avenue,WHYALLA NORRIE,,"SA Dental - Whyalla, 111 Nicolson Avenue, WHYALLA NORRIE",-33.02923153,137.5466814
63,CALHN,LCLHN,SA Dental - Bordertown,"Bordertown Primary School, South Terrace",BORDERTOWN,,"SA Dental - Bordertown, Bordertown Primary School, South Terrace, BORDERTOWN",-36.31335899,140.7661764
64,CALHN,LCLHN,SA Dental - Millicent,"Millicent North Primary School, Second Street",MILLICENT,,"SA Dental - Millicent, Millicent North Primary School, Second Street, MILLICENT",-37.59318028,140.3420446
65,CALHN,LCLHN,SA Dental - Mt Gambier ,"Mt Gambier Hospital, Wehl Street North",MOUNT GAMBIER,,"SA Dental - Mt Gambier , Mt Gambier Hospital, Wehl Street North, MOUNT GAMBIER",-37.8050988,140.7859668
66,CALHN,LCLHN,SA Dental - Naracoorte,"Naracoorte Primary School, Park Terrace",NARACOORTE,,"SA Dental - Naracoorte, Naracoorte Primary School, Park Terrace, NARACOORTE",-36.95134336,140.7378592
67,CALHN,NALHN,SA Dental - Cavan Youth Training Centre,26-56 Goldsborough Road,CAVAN,,"SA Dental - Cavan Youth Training Centre, 26-56 Goldsborough Road, CAVAN",-34.82790133,138.6037696
68,CALHN,NALHN,SA Dental - Elizabeth,"Elizabeth GP Plus, 16 Playford Boulevard",ELIZABETH,,"SA Dental - Elizabeth, Elizabeth GP Plus, 16 Playford Boulevard, ELIZABETH",-34.71694042,138.6710771
69,CALHN,NALHN,SA Dental - Gilles Plains,"TAFE SA Gillies Plains Campus, 33 Blacks Road",GILLES PLAINS,,"SA Dental - Gilles Plains, TAFE SA Gillies Plains Campus, 33 Blacks Road, GILLES PLAINS",-34.85206301,138.6529845
70,CALHN,NALHN,SA Dental - Modbury,Level 1/77 Smart Road,MODBURY,,"SA Dental - Modbury, Level 1/77 Smart Road, MODBURY",-34.83365464,138.6923512
71,CALHN,NALHN,SA Dental - Modbury,"Modbury GP Plus, L1 77 Smart Road",MODBURY,,"SA Dental - Modbury, Modbury GP Plus, L1 77 Smart Road, MODBURY",-34.83390132,138.6923457
72,CALHN,NALHN,SA Dental - Parks,2/40-44 Trafford Street,ANGLE PARK,,"SA Dental - Parks, 2/40-44 Trafford Street, ANGLE PARK",-34.85902362,138.5570759
73,CALHN,NALHN,SA Dental - Salisbury,21 Hollywood Boulevard,SALISBURY DOWNS,,"SA Dental - Salisbury, 21 Hollywood Boulevard, SALISBURY DOWNS",-34.76943613,138.6236296
74,CALHN,RMCLHN,SA Dental - Mobilong Prison,Maurice Road,MURRAY BRIDGE,,"SA Dental - Mobilong Prison, Maurice Road, MURRAY BRIDGE",-35.11374165,139.23306
75,CALHN,RMCLHN,SA Dental - Murray Bridge ,45 Beatty Terrace ,MURRAY BRIDGE,,"SA Dental - Murray Bridge , 45 Beatty Terrace , MURRAY BRIDGE",-35.12793245,139.279885
76,CALHN,RMCLHN,SA Dental - Riverland,"Riverland Oral Health Centre, 10 Maddern Street",BERRI,,"SA Dental - Riverland, Riverland Oral Health Centre, 10 Maddern Street, BERRI",-34.27514731,140.6006066
77,CALHN,SALHN,SA Dental - Marion,"Marion GP Plus, L1 10 Milham Street",OAKLANDS PARK,,"SA Dental - Marion, Marion GP Plus, L1 10 Milham Street, OAKLANDS PARK",-35.01327137,138.5421169
78,CALHN,SALHN,SA Dental - Mitcham,"Mitcham Primary School, Elphyn Road ",KINGSWOOD,,"SA Dental - Mitcham, Mitcham Primary School, Elphyn Road , KINGSWOOD",-34.97299814,138.6162831
79,CALHN,SALHN,SA Dental - Noarlunga,2 Alexander Kelly Drive,NOARLUNGA,,"SA Dental - Noarlunga, 2 Alexander Kelly Drive, NOARLUNGA",-35.13909951,138.4973955
80,CALHN,YNLHN,SA Dental - Clare ,Powell Place,CLARE,,"SA Dental - Clare , Powell Place, CLARE",-33.84058858,138.6178986
81,CALHN,YNLHN,SA Dental - Pt Pirie CDS,"Port Pirie Hospital, The Terrace",PORT PIRIE,,"SA Dental - Pt Pirie CDS, Port Pirie Hospital, The Terrace, PORT PIRIE",-33.1771064,138.0044369
82,CALHN,YNLHN,SA Dental - Pt Pirie SDS,"Port Pirie West Primary School, 214 The Terrace",PORT PIRIE,,"SA Dental - Pt Pirie SDS, Port Pirie West Primary School, 214 The Terrace, PORT PIRIE",-33.18142493,138.0029286
83,CALHN,YNLHN,SA Dental - Wallaroo,"Wallaroo Hospital, Ernest Terrace",WALLAROO,,"SA Dental - Wallaroo, Wallaroo Hospital, Ernest Terrace, WALLAROO",-33.92860251,137.6365764
84,CALHN,CALHN,Breast Screen SA - Frome Road,Frome Street,ADELAIDE,,"Breast Screen SA - Frome Road, Frome Street, ADELAIDE",-34.91942137,138.6063213
85,CALHN,CALHN,Breast Screen SA - Assessment Clinic,300 Wakefield Street,ADELAIDE,,"Breast Screen SA - Assessment Clinic, 300 Wakefield Street, ADELAIDE",-34.92791219,138.6109996
86,CALHN,CALHN,SA Pharmacy - Royal Adelaide Hospital (RAH),Port Road,ADELAIDE,,"SA Pharmacy - Royal Adelaide Hospital (RAH), Port Road, ADELAIDE",-34.92069619,138.5870032
87,CALHN,CALHN,SA Pharmacy - Glenside Health Campus,8 Karrayarta Drive,GLENSIDE,,"SA Pharmacy - Glenside Health Campus, 8 Karrayarta Drive, GLENSIDE",-34.94497669,138.6268401
88,CALHN,CALHN,SA Pharmacy - Hampstead Rehabilitation Centre (HRC),207-235 Hampstead Road,NORTHFIELD,,"SA Pharmacy - Hampstead Rehabilitation Centre (HRC), 207-235 Hampstead Road, NORTHFIELD",-34.86112137,138.6186794
89,CALHN,CALHN,SA Pharmacy - Royal Adelaide Hospital (RAH),Port Road,ADELAIDE,,"SA Pharmacy - Royal Adelaide Hospital (RAH), Port Road, ADELAIDE",-34.92069619,138.5870032
90,CALHN,CALHN,SA Pharmacy - The Queen Elizabeth Hospital (TQEH),28 Woodville Road,WOODVILLE SOUTH,,"SA Pharmacy - The Queen Elizabeth Hospital (TQEH), 28 Woodville Road, WOODVILLE SOUTH",-34.88382301,138.533071
91,CALHN,EFNLHN,SA Pharmacy - Pt Lincoln Hospital,Oxford Terrace,PORT LINCOLN,,"SA Pharmacy - Pt Lincoln Hospital, Oxford Terrace, PORT LINCOLN",-34.72403585,135.850436
92,CALHN,LCLHN,SA Pharmacy - Mount Gambier Hospital,276/300 Wehl Street,MOUNT GAMBIER,,"SA Pharmacy - Mount Gambier Hospital, 276/300 Wehl Street, MOUNT GAMBIER",-37.80547577,140.7862314
93,CALHN,NALHN,SA Pharmacy - Lyell McEwin Hospital (LMH),Haydown Road,ELIZABETH VALE,,"SA Pharmacy - Lyell McEwin Hospital (LMH), Haydown Road, ELIZABETH VALE",-34.74776781,138.6647099
94,CALHN,NALHN,SA Pharmacy - Modbury Public Hospital (MPH),Smart Road,MODBURY,,"SA Pharmacy - Modbury Public Hospital (MPH), Smart Road, MODBURY",-34.83393001,138.690042
95,CALHN,RMCLHN,SA Pharmacy - Riverland General Hospital (Berri),10 Maddern Avenue,BERRI,,"SA Pharmacy - Riverland General Hospital (Berri), 10 Maddern Avenue, BERRI",-34.27561005,140.601494
96,CALHN,YNLHN,SA Pharmacy - Pt Pirie Regional Health Service,The Terrace and Alexander Street,PORT PIRIE,,"SA Pharmacy - Pt Pirie Regional Health Service, The Terrace and Alexander Street, PORT PIRIE",-33.17733603,138.0044355
97,CALHN,CALHN,"SA Pathology - Main Laboratory, Frome Road",Frome Road,ADELAIDE,,"SA Pathology - Main Laboratory, Frome Road, Frome Road, ADELAIDE",-34.91978054,138.6081418
98,CALHN,CALHN,SA Pathology - Royal Adelaide Hospital,Port Road,ADELAIDE,,"SA Pathology - Royal Adelaide Hospital, Port Road, ADELAIDE",-34.92045536,138.5866192
99,CALHN,CALHN,SA Pathology - Women's and Children’s Hospital,72 King William Road,NORTH ADELAIDE,,"SA Pathology - Women's and Children’s Hospital, 72 King William Road, NORTH ADELAIDE",-34.91189157,138.5998836
100,CALHN,FUNLHN,SA Pathology - Whyalla Hospital,Wood Terrace,WHYALLA,,"SA Pathology - Whyalla Hospital, Wood Terrace, WHYALLA",-33.03396582,137.5768332
101,CALHN,LCLHN,SA Pathology - Mount Gambier Hospital,276/300 Wehl Street,MOUNT GAMBIER,,"SA Pathology - Mount Gambier Hospital, 276/300 Wehl Street, MOUNT GAMBIER",-37.80538789,140.7862626
102,CALHN,YNLHN,SA Pathology - Port Pirie Hospital,The Terrace and Alexander Street,PORT PIRIE,,"SA Pathology - Port Pirie Hospital, The Terrace and Alexander Street, PORT PIRIE",-33.17782369,138.0044223
103,CALHN,CALHN,Prison Health - Yatala Prison Health Centre,1 Peter Brown Drive,NORTHFIELD,,"Prison Health - Yatala Prison Health Centre, 1 Peter Brown Drive, NORTHFIELD",-34.84609622,138.62827
104,CALHN,CALHN,Prison Health - Administration,375 Payneham Road,MARDEN,,"Prison Health - Administration, 375 Payneham Road, MARDEN",-34.89557505,138.6394734
105,CALHN,EFNLHN,Prison Health - Pt Lincoln Prison,Pound Lane,PORT LINCOLN,,"Prison Health - Pt Lincoln Prison, Pound Lane, PORT LINCOLN",-34.70511618,135.797762
106,CALHN,NALHN,Prison Health - Adelaide Women's Prison,Grand Junction Road,NORTHFIELD,,"Prison Health - Adelaide Women's Prison, Grand Junction Road, NORTHFIELD",-34.84537726,138.6415672
107,CALHN,SALHN,SAMI - Repatriation Health Precinct,"Gate 8, 800 Goodwood Road",DAW PARK,,"SAMI - Repatriation Health Precinct, Gate 8, 800 Goodwood Road, DAW PARK",-34.9905689,138.5893422
108,SAAS,BHFLHN,SA Ambulance - Aldgate,298 Mt Barker Road,ALDGATE,,"SA Ambulance - Aldgate, 298 Mt Barker Road, ALDGATE",-35.01236595,138.7437151
109,SAAS,BHFLHN,SA Ambulance - American River,19 Buick Drive,AMERICAN RIVER,,"SA Ambulance - American River, 19 Buick Drive, AMERICAN RIVER",-35.78278744,137.7694775
110,SAAS,BHFLHN,SA Ambulance - Angaston,27 Schilling Street,ANGASTON,,"SA Ambulance - Angaston, 27 Schilling Street, ANGASTON",-34.50335214,139.0523054
111,SAAS,BHFLHN,SA Ambulance - Birdwood,Torrens Valley Road and Blumel Road,BIRDWOOD,,"SA Ambulance - Birdwood, Torrens Valley Road and Blumel Road, BIRDWOOD",-34.82017044,138.9524391
112,SAAS,BHFLHN,SA Ambulance - Gawler,121 Main North Road,WILLASTON,,"SA Ambulance - Gawler, 121 Main North Road, WILLASTON",-34.57760779,138.7466698
113,SAAS,BHFLHN,SA Ambulance - Goolwa,13 Gardiner Street,GOOLWA,,"SA Ambulance - Goolwa, 13 Gardiner Street, GOOLWA",-35.49920007,138.7797662
114,SAAS,BHFLHN,SA Ambulance - Kapunda,12 Hill Street,KAPUNDA,,"SA Ambulance - Kapunda, 12 Hill Street, KAPUNDA",-34.34050545,138.9145883
116,SAAS,BHFLHN,SA Ambulance - Kingscote,17 Murray Street,KINGSCOTE,,"SA Ambulance - Kingscote, 17 Murray Street, KINGSCOTE",-35.65464312,137.6367924
117,SAAS,BHFLHN,SA Ambulance - Mallala,Adelaide Road,MALLALA,,"SA Ambulance - Mallala, Adelaide Road, MALLALA",-34.43867938,138.5096688
118,SAAS,BHFLHN,SA Ambulance - Meadows,64 Mawson Road,MEADOWS,,"SA Ambulance - Meadows, 64 Mawson Road, MEADOWS",-35.1810693,138.7624586
119,SAAS,BHFLHN,SA Ambulance - Mount Barker,361 Bald Hills Road,MOUNT BARKER,,"SA Ambulance - Mount Barker, 361 Bald Hills Road, MOUNT BARKER",-35.07144581,138.8894221
120,SAAS,BHFLHN,SA Ambulance - Parndana,2 Cook Street,PARNDANA,,"SA Ambulance - Parndana, 2 Cook Street, PARNDANA",-35.78993711,137.2608587
121,SAAS,BHFLHN,SA Ambulance - Stirling,298 Mount Barker Road ,ALDGATE,,"SA Ambulance - Stirling, 298 Mount Barker Road , ALDGATE",-35.01236688,138.7437125
122,SAAS,BHFLHN,SA Ambulance - Strathalbyn,25 Dry Plains Road,STRATHALBYN,,"SA Ambulance - Strathalbyn, 25 Dry Plains Road, STRATHALBYN",-35.27319026,138.8962208
123,SAAS,BHFLHN,SA Ambulance - Victor Harbor,40 Adelaide Road,HAYBOROUGH,,"SA Ambulance - Victor Harbor, 40 Adelaide Road, HAYBOROUGH",-35.53229025,138.6386397
124,SAAS,BHFLHN,SA Ambulance - Woodside,10 Nairne Road ,WOODSIDE,,"SA Ambulance - Woodside, 10 Nairne Road , WOODSIDE",-34.95359084,138.8759364
125,SAAS,CALHN,SA Ambulance - Adelaide,89 Richmond Road (rear building),MILE END SOUTH,,"SA Ambulance - Adelaide, 89 Richmond Road (rear building), MILE END SOUTH",-34.94142393,138.5745752
126,SAAS,CALHN,SA Ambulance - Brooklyn Park,Airport Road,BROOKLYN PARK,,"SA Ambulance - Brooklyn Park, Airport Road, BROOKLYN PARK",-34.93044767,138.541742
127,SAAS,CALHN,SA Ambulance - Campbelltown,161 Montacute Road,NEWTON,,"SA Ambulance - Campbelltown, 161 Montacute Road, NEWTON",-34.88828604,138.676775
128,SAAS,CALHN,SA Ambulance - Eastwood,216 Greenhill Road,EASTWOOD,,"SA Ambulance - Eastwood, 216 Greenhill Road, EASTWOOD",-34.94083697,138.6191453
129,SAAS,CALHN,SA Ambulance - Eastwood,205 Greenhill Road,EASTWOOD,,"SA Ambulance - Eastwood, 205 Greenhill Road, EASTWOOD",-34.94083697,138.6191453
130,SAAS,CALHN,SA Ambulance - Emergency Ops Centre,89 Richmond Road (front building),MILE END SOUTH,,"SA Ambulance - Emergency Ops Centre, 89 Richmond Road (front building), MILE END SOUTH",-34.94139859,138.574598
131,SAAS,CALHN,SA Ambulance - Fulham Gardens,396 Grange Road,FULHAM,,"SA Ambulance - Fulham Gardens, 396 Grange Road, FULHAM",-34.90661813,138.5198202
132,SAAS,CALHN,SA Ambulance - Norwood,221 Portrush Road,MAYLANDS,,"SA Ambulance - Norwood, 221 Portrush Road, MAYLANDS",-34.91466692,138.6399079
133,SAAS,CALHN,SA Ambulance - Parkside,6-8 Glen Osmond Road,PARKSIDE,,"SA Ambulance - Parkside, 6-8 Glen Osmond Road, PARKSIDE",-34.9411108,138.6160653
134,SAAS,CALHN,SA Ambulance - Port Adelaide,3-5 Santo Parade,PORT ADELAIDE,,"SA Ambulance - Port Adelaide, 3-5 Santo Parade, PORT ADELAIDE",-34.84260685,138.5115231
135,SAAS,CALHN,SA Ambulance - Prospect,478-480 Regency Road,PROSPECT,,"SA Ambulance - Prospect, 478-480 Regency Road, PROSPECT",-34.87330498,138.6003149
136,SAAS,CALHN,SA Ambulance - RRAS Rescue and Retrieval,2 Sir Reginald Ansett Drive,ADELAIDE AIRPORT,,"SA Ambulance - RRAS Rescue and Retrieval, 2 Sir Reginald Ansett Drive, ADELAIDE AIRPORT",-34.94688557,138.5213205
137,SAAS,CALHN,SA Ambulance - SAAS/MedSTAR (Babcock),5 Sir Reginald Ansett Drive,ADELAIDE AIRPORT,Note: Note a SAAS site; SAAS provides a medical waste bin on site as part of a contract with Babcock.,"SA Ambulance - SAAS/MedSTAR (Babcock), 5 Sir Reginald Ansett Drive, ADELAIDE AIRPORT",-34.94713501,138.5210358
138,SAAS,CALHN,SA Ambulance - Woodville,98 Hanson Road,WOODVILLE GARDENS,,"SA Ambulance - Woodville, 98 Hanson Road, WOODVILLE GARDENS",-34.86500157,138.5478996
139,SAAS,EFNLHN,SA Ambulance - Ceduna,32 Poynton Street,CEDUNA,,"SA Ambulance - Ceduna, 32 Poynton Street, CEDUNA",-32.12764402,133.6740881
140,SAAS,EFNLHN,SA Ambulance - Cleve,20 Fourth Street,CLEVE,,"SA Ambulance - Cleve, 20 Fourth Street, CLEVE",-33.70085041,136.493865
141,SAAS,EFNLHN,SA Ambulance - Cowell,1 Lincoln Highway,COWELL,,"SA Ambulance - Cowell, 1 Lincoln Highway, COWELL",-33.68077764,136.9223042
142,SAAS,EFNLHN,SA Ambulance - Kimba,8B Cross Street,KIMBA,,"SA Ambulance - Kimba, 8B Cross Street, KIMBA",-33.13855465,136.419152
143,SAAS,EFNLHN,SA Ambulance - Lock, Dearman Street,LOCK,,"SA Ambulance - Lock,  Dearman Street, LOCK",-33.56690915,135.756028
144,SAAS,EFNLHN,SA Ambulance - Port Kenny,4-6 Little Street,PORT KENNY,,"SA Ambulance - Port Kenny, 4-6 Little Street, PORT KENNY",-33.16831897,134.6854496
145,SAAS,EFNLHN,SA Ambulance - Port Lincoln,14 Marine Avenue,PORT LINCOLN,,"SA Ambulance - Port Lincoln, 14 Marine Avenue, PORT LINCOLN",-34.724571,135.850922
146,SAAS,EFNLHN,SA Ambulance - Tumby Bay,Wibberley Street,TUMBY BAY,,"SA Ambulance - Tumby Bay, Wibberley Street, TUMBY BAY",-34.37193296,136.1034602
147,SAAS,FUNLHN,SA Ambulance - Hawker,46 Elder Terrace,HAWKER,,"SA Ambulance - Hawker, 46 Elder Terrace, HAWKER",-31.89345545,138.4280546
148,SAAS,FUNLHN,SA Ambulance - Port Augusta,45 Elizabeth Terrace ,PORT AUGUSTA,,"SA Ambulance - Port Augusta, 45 Elizabeth Terrace , PORT AUGUSTA",-32.50917447,137.7772865
149,SAAS,FUNLHN,SA Ambulance - Port Augusta,22-28 Flinders Terrace,PORT AUGUSTA,,"SA Ambulance - Port Augusta, 22-28 Flinders Terrace, PORT AUGUSTA",-32.49466503,137.7627504
150,SAAS,FUNLHN,SA Ambulance - Quorn,Hospital Road,QUORN,,"SA Ambulance - Quorn, Hospital Road, QUORN",-32.35171299,138.0371008
151,SAAS,FUNLHN,SA Ambulance - Whyalla Playford ,118 Nicolson Avenue,WHYALLA NORRIE,Note: New site in Whyalla being built – unsure if both sites to operate or if existing will close.,"SA Ambulance - Whyalla Playford , 118 Nicolson Avenue, WHYALLA NORRIE",-33.0285679,137.5526554
152,SAAS,LCLHN,SA Ambulance - Bordertown,Tatiara Terrace,BORDERTOWN,,"SA Ambulance - Bordertown, Tatiara Terrace, BORDERTOWN",-36.30823439,140.7700915
153,SAAS,LCLHN,SA Ambulance - Keith,27 Hill Avenue,KEITH,,"SA Ambulance - Keith, 27 Hill Avenue, KEITH",-36.09753244,140.346149
154,SAAS,LCLHN,SA Ambulance - Millicent,Mount Gambier Road ,MILLICENT,,"SA Ambulance - Millicent, Mount Gambier Road , MILLICENT",-37.59813336,140.358157
155,SAAS,LCLHN,SA Ambulance - Mount Gambier,54 Sturt Street,MOUNT GAMBIER,,"SA Ambulance - Mount Gambier, 54 Sturt Street, MOUNT GAMBIER",-37.83272318,140.7859291
156,SAAS,LCLHN,SA Ambulance - Nangwarry,Riddoch Highway,NANGWARRY,,"SA Ambulance - Nangwarry, Riddoch Highway, NANGWARRY",-37.54260027,140.8143252
157,SAAS,LCLHN,SA Ambulance - Naracoorte,100 Butler Terrace,NARACOORTE,,"SA Ambulance - Naracoorte, 100 Butler Terrace, NARACOORTE",-36.96455819,140.7445214
158,SAAS,LCLHN,SA Ambulance - Penola,16E Church Street,PENOLA,,"SA Ambulance - Penola, 16E Church Street, PENOLA",-37.38353508,140.8363197
159,SAAS,LCLHN,SA Ambulance - Port MacDonnell,42 Meylin Street,PORT MACDONNELL,,"SA Ambulance - Port MacDonnell, 42 Meylin Street, PORT MACDONNELL",-38.05286813,140.6997215
160,SAAS,NALHN,SA Ambulance - Elizabeth,Corner Tolmer and Main North Road,ELIZABETH PARK,,"SA Ambulance - Elizabeth, Corner Tolmer and Main North Road, ELIZABETH PARK",-34.70778623,138.6791775
161,SAAS,NALHN,SA Ambulance - Gepps Cross,7 Scania Court,GEPPS CROSS,,"SA Ambulance - Gepps Cross, 7 Scania Court, GEPPS CROSS",-34.84430867,138.5934335
162,SAAS,NALHN,SA Ambulance - Golden Grove,411 The Grove Way ,GOLDEN GROVE,,"SA Ambulance - Golden Grove, 411 The Grove Way , GOLDEN GROVE",-34.79174874,138.6973544
163,SAAS,NALHN,SA Ambulance - Oakden,258 Fosters Road,OAKDEN,,"SA Ambulance - Oakden, 258 Fosters Road, OAKDEN",-34.85093015,138.6364128
164,SAAS,NALHN,SA Ambulance - Parafield,1 Lockheed Lane,PARAFIELD,,"SA Ambulance - Parafield, 1 Lockheed Lane, PARAFIELD",-34.85113811,138.635828
165,SAAS,NALHN,SA Ambulance - Redwood Park,372 Milne Road,REDWOOD PARK,,"SA Ambulance - Redwood Park, 372 Milne Road, REDWOOD PARK",-34.81698103,138.6953246
166,SAAS,NALHN,SA Ambulance - Salisbury,1-3 Bremen Drive,SALISBURY SOUTH,,"SA Ambulance - Salisbury, 1-3 Bremen Drive, SALISBURY SOUTH",-34.78376689,138.6373695
167,SAAS,RMCLHN,SA Ambulance - Barmera,1B Langdon Terrace,BARMERA,,"SA Ambulance - Barmera, 1B Langdon Terrace, BARMERA",-34.25293872,140.4666109
168,SAAS,RMCLHN,SA Ambulance - Berri,25 Cornwall Street ,BERRI,,"SA Ambulance - Berri, 25 Cornwall Street , BERRI",-34.27747733,140.6019341
170,SAAS,RMCLHN,SA Ambulance - Karoonda,20 Stokes Road,KAROONDA,,"SA Ambulance - Karoonda, 20 Stokes Road, KAROONDA",-35.09492083,139.8897373
171,SAAS,RMCLHN,SA Ambulance - Lameroo,Chandos Terrace,LAMEROO,,"SA Ambulance - Lameroo, Chandos Terrace, LAMEROO",-35.32894011,140.5150311
172,SAAS,RMCLHN,SA Ambulance - Loxton,Anzac Crescent ,LOXTON,,"SA Ambulance - Loxton, Anzac Crescent , LOXTON",-34.45341146,140.5734452
173,SAAS,RMCLHN,SA Ambulance - Lucindale,1 Musgrave Avenue,LUCINDALE,,"SA Ambulance - Lucindale, 1 Musgrave Avenue, LUCINDALE",-36.97238615,140.3670736
174,SAAS,RMCLHN,SA Ambulance - Mannum,56 Adelaide Road,MANNUM,,"SA Ambulance - Mannum, 56 Adelaide Road, MANNUM",-34.91467133,139.3018517
175,SAAS,RMCLHN,SA Ambulance - Meningie,104 Princes Highway,MENINGIE,,"SA Ambulance - Meningie, 104 Princes Highway, MENINGIE",-35.69236549,139.336728
176,SAAS,RMCLHN,SA Ambulance - Morgan,Corner First and Third Streets,MORGAN,,"SA Ambulance - Morgan, Corner First and Third Streets, MORGAN",-34.03318142,139.670163
177,SAAS,RMCLHN,SA Ambulance - Murray Bridge,253 Swanport Road,MURRAY BRIDGE,,"SA Ambulance - Murray Bridge, 253 Swanport Road, MURRAY BRIDGE",-35.14456493,139.2855051
178,SAAS,RMCLHN,SA Ambulance - Pinnaroo,Railway Terrace,PINNAROO,,"SA Ambulance - Pinnaroo, Railway Terrace, PINNAROO",-35.25977991,140.9100289
179,SAAS,RMCLHN,SA Ambulance - Renmark,166 Eighteenth Street,RENMARK,,"SA Ambulance - Renmark, 166 Eighteenth Street, RENMARK",-34.17440586,140.7446801
180,SAAS,RMCLHN,SA Ambulance - Tailem Bend,67 Princes Highway,TAILEM BEND,,"SA Ambulance - Tailem Bend, 67 Princes Highway, TAILEM BEND",-35.2542934,139.4531737
181,SAAS,RMCLHN,SA Ambulance - Tintinara,28-30 Wendt Terrace,TINTINARA ,,"SA Ambulance - Tintinara, 28-30 Wendt Terrace, TINTINARA ",-35.88211994,140.0573226
182,SAAS,RMCLHN,SA Ambulance - Waikerie,1 Dowling Street,WAIKERIE,,"SA Ambulance - Waikerie, 1 Dowling Street, WAIKERIE",-34.18232009,139.9867747
183,SAAS,SALHN,SA Ambulance - Aldinga,200 Port Road,ALDINGA,,"SA Ambulance - Aldinga, 200 Port Road, ALDINGA",-35.26753954,138.4823648
184,SAAS,SALHN,SA Ambulance - Edwardstown,220 Daws Road,DAW PARK,,"SA Ambulance - Edwardstown, 220 Daws Road, DAW PARK",-34.99161377,138.5911332
185,SAAS,SALHN,SA Ambulance - Edwardstown,6 Deloraine Road,EDWARDSTOWN,Closed,"SA Ambulance - Edwardstown, 6 Deloraine Road, EDWARDSTOWN",-34.9878899,138.5731542
186,SAAS,SALHN,SA Ambulance - Glengowrie,88A Morphett Road,GLENGOWRIE,,"SA Ambulance - Glengowrie, 88A Morphett Road, GLENGOWRIE",-34.98030876,138.5375961
187,SAAS,SALHN,SA Ambulance - Marion,346 Sturt Road,MITCHELL PARK,,"SA Ambulance - Marion, 346 Sturt Road, MITCHELL PARK",-35.01653126,138.5648262
188,SAAS,SALHN,SA Ambulance - Mclaren Vale,Aldersey Street,MCLAREN VALE,,"SA Ambulance - Mclaren Vale, Aldersey Street, MCLAREN VALE",-35.2206565,138.5448314
189,SAAS,SALHN,SA Ambulance - Mitcham,221 Belair Road,TORRENS PARK,,"SA Ambulance - Mitcham, 221 Belair Road, TORRENS PARK",-34.98569658,138.6118145
190,SAAS,SALHN,SA Ambulance - Noarlunga,27 Alexander Kelly Drive,NOARLUNGA,,"SA Ambulance - Noarlunga, 27 Alexander Kelly Drive, NOARLUNGA",-35.13829166,138.501024
191,SAAS,SALHN,SA Ambulance - Ohalloran Hill,4 Majors Road ,O'HALLORAN HILL,,"SA Ambulance - Ohalloran Hill, 4 Majors Road , O'HALLORAN HILL",-35.0549458,138.5449881
192,SAAS,SALHN,SA Ambulance - Seaford,80 Seaford Road,SEAFORD,,"SA Ambulance - Seaford, 80 Seaford Road, SEAFORD",-35.18105895,138.4781691
193,SAAS,SALHN,SA Ambulance - Torrens Park,221 Belair Road,TORRENS PARK,,"SA Ambulance - Torrens Park, 221 Belair Road, TORRENS PARK",-34.98569658,138.6118145
194,SAAS,YNLHN,SA Ambulance - Booleroo,"Lot 6, 3-13 Stephens Street",BOOLEROO,,"SA Ambulance - Booleroo, Lot 6, 3-13 Stephens Street, BOOLEROO",-32.8770819,138.3507282
195,SAAS,YNLHN,SA Ambulance - Burra,"Block A, Market Street",BURRA,,"SA Ambulance - Burra, Block A, Market Street, BURRA",-33.67363766,138.9300493
196,SAAS,YNLHN,SA Ambulance - Clare,Webb Street,CLARE,,"SA Ambulance - Clare, Webb Street, CLARE",-33.8301183,138.6136639
197,SAAS,YNLHN,SA Ambulance - Crystal Brook,35 Brandis Street,CRYSTAL BROOK,,"SA Ambulance - Crystal Brook, 35 Brandis Street, CRYSTAL BROOK",-33.35301633,138.2081981
198,SAAS,YNLHN,SA Ambulance - Hamley Bridge,Light Street,HAMLEY BRIDGE,,"SA Ambulance - Hamley Bridge, Light Street, HAMLEY BRIDGE",-34.35706777,138.6818875
199,SAAS,YNLHN,SA Ambulance - Jamestown,Irvine Street,JAMESTOWN,,"SA Ambulance - Jamestown, Irvine Street, JAMESTOWN",-33.20678975,138.6046939
200,SAAS,YNLHN,SA Ambulance - Kadina,Day Street,KADINA,,"SA Ambulance - Kadina, Day Street, KADINA",-33.96326722,137.710572
201,SAAS,YNLHN,SA Ambulance - Maitland,Moonta Road,MAITLAND,,"SA Ambulance - Maitland, Moonta Road, MAITLAND",-34.37096725,137.6739908
202,SAAS,YNLHN,SA Ambulance - Moonta,7 Ryan Street,MOONTA,,"SA Ambulance - Moonta, 7 Ryan Street, MOONTA",-34.06839762,137.5928414
203,SAAS,YNLHN,SA Ambulance - Orroroo,Lot 3/ 50 RM Williams Way,ORROROO,,"SA Ambulance - Orroroo, Lot 3/ 50 RM Williams Way, ORROROO",-32.73598571,138.6176064
204,SAAS,YNLHN,SA Ambulance - Peterborough,19 Queen Street,PETERBOROUGH,closed,"SA Ambulance - Peterborough, 19 Queen Street, PETERBOROUGH",-32.97724202,138.8429251
205,SAAS,YNLHN,SA Ambulance - Pt Pirie,97a Grey Terrace,PORT PIRIE,,"SA Ambulance - Pt Pirie, 97a Grey Terrace, PORT PIRIE",-33.18987294,138.0057955
206,SAAS,YNLHN,SA Ambulance - Pt Wakefield,5 East Street ,PORT WAKEFIELD,,"SA Ambulance - Pt Wakefield, 5 East Street , PORT WAKEFIELD",-34.18637014,138.1530326
207,SAAS,YNLHN,SA Ambulance - Snowtown,1 Adelaide Road,SNOWTOWN,,"SA Ambulance - Snowtown, 1 Adelaide Road, SNOWTOWN",-33.78799246,138.2108593
208,SAAS,YNLHN,SA Ambulance - Wallaroo,Ernest Terrace ,WALLAROO,,"SA Ambulance - Wallaroo, Ernest Terrace , WALLAROO",-33.92882544,137.6362268
209,SAAS,YNLHN,SA Ambulance - Warooka,15-17 Fourth Street,WAROOKA,,"SA Ambulance - Warooka, 15-17 Fourth Street, WAROOKA",-34.99218543,137.4000297
210,SAAS,YNLHN,SA Ambulance - Yorketown,Lot 33 Weaners Street,YORKETOWN,,"SA Ambulance - Yorketown, Lot 33 Weaners Street, YORKETOWN",-35.02127501,137.6067393
211,EFNLHN,EFNLHN,Ceduna District Health Services,3 Eyre Highway,CEDUNA,,"Ceduna District Health Services, 3 Eyre Highway, CEDUNA",-32.11942402,133.6721571
212,EFNLHN,EFNLHN,Cleve District Hospital and Aged Care,North Terrace,CLEVE,,"Cleve District Hospital and Aged Care, North Terrace, CLEVE",-33.69887884,136.4941191
213,EFNLHN,EFNLHN,Coober Pedy Hospital,89 Hospital Road,COOBER PEDY,,"Coober Pedy Hospital, 89 Hospital Road, COOBER PEDY",-29.00492747,134.7622163
214,EFNLHN,EFNLHN,Cowell Hospital,17 South Terrace,COWELL,,"Cowell Hospital, 17 South Terrace, COWELL",-33.68538826,136.9216141
215,EFNLHN,EFNLHN,Cummins and District Memorial Hospital,21 Tumby Bay Road,CUMMINS,,"Cummins and District Memorial Hospital, 21 Tumby Bay Road, CUMMINS",-34.26421205,135.7331757
216,EFNLHN,EFNLHN,Elliston Hospital and Pines Hostel,Memorial Drive,ELLISTON,,"Elliston Hospital and Pines Hostel, Memorial Drive, ELLISTON",-33.64777439,134.8924681
217,EFNLHN,EFNLHN,Kimba District Hospital,13-15 Martin Terrace,KIMBA,,"Kimba District Hospital, 13-15 Martin Terrace, KIMBA",-33.14347172,136.416206
218,EFNLHN,EFNLHN,Pt Lincoln Health and Hospital Service,Oxford Terrace,PORT LINCOLN,,"Pt Lincoln Health and Hospital Service, Oxford Terrace, PORT LINCOLN",-34.7240524,135.8501807
219,EFNLHN,EFNLHN,Streaky Bay Hospital,1 Flinders Drive,STREAKY BAY,,"Streaky Bay Hospital, 1 Flinders Drive, STREAKY BAY",-32.79288729,134.2172957
220,EFNLHN,EFNLHN,Tumby Bay Hospital,8 Esplanade,TUMBY BAY,,"Tumby Bay Hospital, 8 Esplanade, TUMBY BAY",-34.37236422,136.104064
221,EFNLHN,EFNLHN,Wudinna Hospital,16-24 Richards Avenue,WUDINNA,,"Wudinna Hospital, 16-24 Richards Avenue, WUDINNA",-33.0503938,135.4671227
222,FUNLHN,FUNLHN,Country Health Connect Building,Flinders Terrace,PORT AUGUSTA,,"Country Health Connect Building, Flinders Terrace, PORT AUGUSTA",-32.4921481,137.7677966
223,FUNLHN,FUNLHN,Hawker Memorial Hospital,9 Druid Range Drive,HAWKER,,"Hawker Memorial Hospital, 9 Druid Range Drive, HAWKER",-31.89345755,138.4280136
224,FUNLHN,FUNLHN,Leigh Creek Health Service,Black Oak Drive,LEIGH CREEK,,"Leigh Creek Health Service, Black Oak Drive, LEIGH CREEK",-30.59087106,138.3986864
225,FUNLHN,FUNLHN,Port Augusta Flinders Terrace,Flinders Terrace,PORT AUGUSTA,,"Port Augusta Flinders Terrace, Flinders Terrace, PORT AUGUSTA",-32.48949635,137.7711591
226,FUNLHN,FUNLHN,Port Augusta Hospital and Regional Health Service,71 Hospital Road ,PORT AUGUSTA,,"Port Augusta Hospital and Regional Health Service, 71 Hospital Road , PORT AUGUSTA",-32.51009916,137.7758395
227,FUNLHN,FUNLHN,Quorn and District Memorial Hospital,Hospital Road,QUORN,,"Quorn and District Memorial Hospital, Hospital Road, QUORN",-32.35071099,138.0385165
228,FUNLHN,FUNLHN,Roxby Downs Health Service,16-28 Burgoyne Street,ROXBY DOWNS,,"Roxby Downs Health Service, 16-28 Burgoyne Street, ROXBY DOWNS",-30.56259063,136.8945952
229,FUNLHN,FUNLHN,Whyalla Hospital and Health Service,20 Wood Terrace,WHYALLA,,"Whyalla Hospital and Health Service, 20 Wood Terrace, WHYALLA",-33.0341899,137.5773133
230,LCLHN,LCLHN,Bordertown Memorial Hospital,24 South Terrace,BORDERTOWN,,"Bordertown Memorial Hospital, 24 South Terrace, BORDERTOWN",-36.31194013,140.7669746
231,LCLHN,LCLHN,Country Health Connect (CHC) - Mount Gambier and Districts Health Service,276/300 Wehl Street,MOUNT GAMBIER,,"Country Health Connect (CHC) - Mount Gambier and Districts Health Service, 276/300 Wehl Street, MOUNT GAMBIER",-37.80618567,140.786759
232,LCLHN,LCLHN,Keith and District Medical Centre,35 Hill Avenue,KEITH,,"Keith and District Medical Centre, 35 Hill Avenue, KEITH",-36.09747933,140.3460335
233,LCLHN,LCLHN,Kingston Soldiers' Memorial Hospital,Cook Street and Young Street,KINGSTON,,"Kingston Soldiers' Memorial Hospital, Cook Street and Young Street, KINGSTON",-36.83538957,139.848573
234,LCLHN,LCLHN,Millicent and District Hospital and Health Service,51 Mount Gambier Road,MILLICENT,,"Millicent and District Hospital and Health Service, 51 Mount Gambier Road, MILLICENT",-37.59803442,140.3580756
235,LCLHN,LCLHN,Mount Gambier and Districts Health Service,276/300 Wehl Street,MOUNT GAMBIER,,"Mount Gambier and Districts Health Service, 276/300 Wehl Street, MOUNT GAMBIER",-37.80537422,140.7862329
236,LCLHN,LCLHN,Naracoorte Hospital and Community Health Service,101 Jenkins Terrace,NARACOORTE,,"Naracoorte Hospital and Community Health Service, 101 Jenkins Terrace, NARACOORTE",-36.96659133,140.7442666
237,LCLHN,LCLHN,Penola War Memorial Hospital Inc.,18 Church Street,PENOLA,,"Penola War Memorial Hospital Inc., 18 Church Street, PENOLA",-37.38300387,140.8365989
238,NALHN,NALHN,Child Protection Service,30 Gawler Street,SALISBURY,,"Child Protection Service, 30 Gawler Street, SALISBURY",-34.76051922,138.6427938
239,NALHN,NALHN,Community Recovery Centre - Wondakka,10 Saratoga Road,ELIZABETH EAST,,"Community Recovery Centre - Wondakka, 10 Saratoga Road, ELIZABETH EAST",-34.72070165,138.6776178
240,NALHN,NALHN,Child Development Unit,32 Oldham Road ,ELIZABETH VALE,,"Child Development Unit, 32 Oldham Road , ELIZABETH VALE",-34.74625374,138.6658398
241,NALHN,NALHN,Crisis Stabilisation Centre,7 Oldham Road,ELIZABETH SOUTH,,"Crisis Stabilisation Centre, 7 Oldham Road, ELIZABETH SOUTH",-34.74593487,138.661128
242,NALHN,NALHN,Forensic Mental Health - James Nash House - Ashton House,290 Fosters Road,OAKDEN,,"Forensic Mental Health - James Nash House - Ashton House, 290 Fosters Road, OAKDEN",-34.8501534,138.6370968
243,NALHN,NALHN,GP Plus - Elizabeth,16 Playford Boulevard,ELIZABETH,,"GP Plus - Elizabeth, 16 Playford Boulevard, ELIZABETH",-34.71695692,138.6711991
244,NALHN,NALHN,GP Plus Super Clinic - Gillies Plains,1 Gilles Crescent,HILLCREST,,"GP Plus Super Clinic - Gillies Plains, 1 Gilles Crescent, HILLCREST",-34.85862694,138.6527866
245,NALHN,NALHN,GP Plus Super Clinic - Maringga Turtpandi - Gillies Plains,1 Gilles Crescent,HILLCREST,,"GP Plus Super Clinic - Maringga Turtpandi - Gillies Plains, 1 Gilles Crescent, HILLCREST",-34.85862694,138.6527866
246,NALHN,NALHN,GP Plus Super Clinic - Modbury,77 Smart Road,MODBURY,,"GP Plus Super Clinic - Modbury, 77 Smart Road, MODBURY",-34.83384032,138.6923541
247,NALHN,NALHN,Ingle Farm Healthcare Complex (Primary Health Care Centre),"Ingle Farm Shopping Centre, Shop 2058, 1 Montague Road",INGLE FARM,,"Ingle Farm Healthcare Complex (Primary Health Care Centre), Ingle Farm Shopping Centre, Shop 2058, 1 Montague Road, INGLE FARM",-34.83009217,138.6471525
248,NALHN,NALHN,James Nash House,140 Hilltop Drive,OAKDEN,,"James Nash House, 140 Hilltop Drive, OAKDEN",-34.85013722,138.637293
249,NALHN,NALHN,Kanggawodli,16-22 Clements Street,DUDLEY PARK,,"Kanggawodli, 16-22 Clements Street, DUDLEY PARK",-34.87560251,138.5801216
250,NALHN,NALHN,Lionsgate Business Park (NALHN Administration),"NALHN Tenancy, 180 Phillip Highway",ELIZABETH SOUTH,,"Lionsgate Business Park (NALHN Administration), NALHN Tenancy, 180 Phillip Highway, ELIZABETH SOUTH",-34.74599262,138.6567142
251,NALHN,NALHN,Lyell McEwin Hospital,Trembath Road,ELIZABETH VALE,,"Lyell McEwin Hospital, Trembath Road, ELIZABETH VALE",-34.74760619,138.6645589
252,NALHN,NALHN,Lyell McEwin Hospital,44 John Rice Avenue ,ELIZABETH VALE,,"Lyell McEwin Hospital, 44 John Rice Avenue , ELIZABETH VALE",-34.74768253,138.6647544
253,NALHN,NALHN,Modbury Hospital,Smart Road,MODBURY,,"Modbury Hospital, Smart Road, MODBURY",-34.83395529,138.6901046
254,NALHN,NALHN,Modbury Hospital - Inter Residence,Education Centre Smart Road,MODBURY,,"Modbury Hospital - Inter Residence, Education Centre Smart Road, MODBURY",-34.83446709,138.6898034
255,NALHN,NALHN,North East Community Mental Health,116 Reservoir Road,MODBURY,,"North East Community Mental Health, 116 Reservoir Road, MODBURY",-34.83216896,138.6875503
256,NALHN,NALHN,Northern Community Mental Health Service,7-9 Park Terrace,SALISBURY,,"Northern Community Mental Health Service, 7-9 Park Terrace, SALISBURY",-34.76394743,138.6412482
257,NALHN,NALHN,Older Person’s Emergency Review and Assessment (OPERA),44 John Rice Avenue,ELIZABETH VALE,,"Older Person’s Emergency Review and Assessment (OPERA), 44 John Rice Avenue, ELIZABETH VALE",-34.74819214,138.667533
258,NALHN,NALHN,Rapid Access Lung Lesion Clinic - NALHN,10 Oldham Road,ELIZABETH VALE,,"Rapid Access Lung Lesion Clinic - NALHN, 10 Oldham Road, ELIZABETH VALE",-34.74574164,138.662972
259,NALHN,NALHN,SA Intellectual Disability Health Service (SAIDHS),1/58 Beovich Road,INGLE FARM,,"SA Intellectual Disability Health Service (SAIDHS), 1/58 Beovich Road, INGLE FARM",-34.85865793,138.6527638
260,NALHN,NALHN,Salisbury Primary Health Care Services,17-19 Hollywood Boulevard,SALISBURY DOWNS,,"Salisbury Primary Health Care Services, 17-19 Hollywood Boulevard, SALISBURY DOWNS",-34.76931501,138.6233694
261,NALHN,NALHN,Salisbury Primary Health - Hospital in the Home,17-19 Hollywood Boulevard ,SALISBURY DOWNS,,"Salisbury Primary Health - Hospital in the Home, 17-19 Hollywood Boulevard , SALISBURY DOWNS",-34.76939262,138.6231876
262,NALHN,CALHN,Wonggangga Turtpandi Aboriginal Primary Health Care Services,Dale Street,PORT ADELAIDE,,"Wonggangga Turtpandi Aboriginal Primary Health Care Services, Dale Street, PORT ADELAIDE",-34.84674273,138.5027542
263,RMCLHN,RMCLHN,Barmera Health Service, 24 Hawdon Street,BARMERA,,"Barmera Health Service,  24 Hawdon Street, BARMERA",-34.24868603,140.4708465
264,RMCLHN,RMCLHN,Bonney Lodge Nursing Home - Barmera Health Service, 24 Hawdon Street,BARMERA,,"Bonney Lodge Nursing Home - Barmera Health Service,  24 Hawdon Street, BARMERA",-34.24872375,140.4708914
265,RMCLHN,RMCLHN,Hawdon House,24 Hawdon Street,BARMERA,,"Hawdon House, 24 Hawdon Street, BARMERA",-34.24877125,140.4729085
266,RMCLHN,RMCLHN,Karoonda and District Soldiers' Memorial Hospital,Karoonda Hospital,KAROONDA,,"Karoonda and District Soldiers' Memorial Hospital, Karoonda Hospital, KAROONDA",-35.0943898,139.8893948
267,RMCLHN,RMCLHN,Lameroo District Hospital,1A Vardon Terrace,LAMEROO,,"Lameroo District Hospital, 1A Vardon Terrace, LAMEROO",-35.32818492,140.5143554
268,RMCLHN,RMCLHN,Loxton Hospital Complex,Drabsch Street and McIntosh Street,LOXTON,,"Loxton Hospital Complex, Drabsch Street and McIntosh Street, LOXTON",-34.45447577,140.5645242
269,RMCLHN,RMCLHN,Mannum District Hospital,Parker Street,MANNUM,,"Mannum District Hospital, Parker Street, MANNUM",-34.9165567,139.3083688
270,RMCLHN,RMCLHN,Meningie and Districts Memorial Hospital & Health Services,2 South Terrace,MENINGIE,,"Meningie and Districts Memorial Hospital & Health Services, 2 South Terrace, MENINGIE",-35.69310287,139.3350983
271,RMCLHN,RMCLHN,Murray Bridge Community Centre,45 Beatty Terrace,MURRAY BRIDGE,,"Murray Bridge Community Centre, 45 Beatty Terrace, MURRAY BRIDGE",-35.12431027,139.2784919
272,RMCLHN,RMCLHN,Murray Bridge Community Centre,3-5 Chris Collins Court,MURRAY BRIDGE,,"Murray Bridge Community Centre, 3-5 Chris Collins Court, MURRAY BRIDGE",-35.12773689,139.2594185
273,RMCLHN,RMCLHN,Murray Bridge Soldiers' Memorial Hospital,96 Swanport Road,MURRAY BRIDGE,,"Murray Bridge Soldiers' Memorial Hospital, 96 Swanport Road, MURRAY BRIDGE",-35.128935,139.2806799
274,RMCLHN,RMCLHN,Pinnaroo Soldiers' Memorial Hospital,Bundey Terrace,PINNAROO,,"Pinnaroo Soldiers' Memorial Hospital, Bundey Terrace, PINNAROO",-35.2576874,140.9019606
275,RMCLHN,RMCLHN,Renmark Paringa District Hospital,185 Ral Ral Avenue,RENMARK,,"Renmark Paringa District Hospital, 185 Ral Ral Avenue, RENMARK",-34.16472006,140.7449739
276,RMCLHN,RMCLHN,Riverland General Hospital,10 Maddern Street,BERRI,,"Riverland General Hospital, 10 Maddern Street, BERRI",-34.27560918,140.6015176
277,RMCLHN,RMCLHN,Riverton District Soldiers’ Memorial Hospital,23 Moorhouse Terrace,RIVERTON,,"Riverton District Soldiers’ Memorial Hospital, 23 Moorhouse Terrace, RIVERTON",-34.16034981,138.7426103
278,RMCLHN,RMCLHN,Tailem Bend District Hospital,74 Princes Highway,TAILEM BEND,,"Tailem Bend District Hospital, 74 Princes Highway, TAILEM BEND",-35.25475681,139.4525922
279,RMCLHN,RMCLHN,Waikerie Health Service,1 Lawrie Terrace,WAIKERIE,,"Waikerie Health Service, 1 Lawrie Terrace, WAIKERIE",-34.18234031,139.9850882
280,SALHN,CALHN,Aboriginal Community Connect - Adelaide,196 Prospect Road,PROSPECT,,"Aboriginal Community Connect - Adelaide, 196 Prospect Road, PROSPECT",-34.88008151,138.5932931
281,SALHN,CALHN,Aboriginal Drug and Alcohol Council,155 Holdbrooks Road,UNDERDALE,,"Aboriginal Drug and Alcohol Council, 155 Holdbrooks Road, UNDERDALE",-34.91834054,138.5489024
282,SALHN,CALHN,Community Access and Services SA - DASSA,62 Athol Street,ATHOL PARK,,"Community Access and Services SA - DASSA, 62 Athol Street, ATHOL PARK",-34.85265633,138.5451366
283,SALHN,CALHN,Hepatitis SA,3 Hackney Road,HACKNEY,,"Hepatitis SA, 3 Hackney Road, HACKNEY",-34.91869469,138.6153095
284,SALHN,CALHN,Jamie Larcombe Centre - Veterans Mental Health Precinct,Eucalyptus Lane,GLENSIDE,,"Jamie Larcombe Centre - Veterans Mental Health Precinct, Eucalyptus Lane, GLENSIDE",-34.94328096,138.6298646
285,SALHN,CALHN,Kurlana Tampawardli,45-47 Tapleys Hill Road,HENDON,,"Kurlana Tampawardli, 45-47 Tapleys Hill Road, HENDON",-34.86920983,138.5122875
286,SALHN,CALHN,Nunkuwarrin Yunti - Adelaide,182 Wakefield Street,ADELAIDE,,"Nunkuwarrin Yunti - Adelaide, 182 Wakefield Street, ADELAIDE",-34.92781705,138.6077429
287,SALHN,CALHN,Sex Industry Network (SIN),220 South Road,MILE END,,"Sex Industry Network (SIN), 220 South Road, MILE END",-34.92792058,138.5697744
288,SALHN,CALHN,Shine - Woodville,64C Woodville Road,WOODVILLE,,"Shine - Woodville, 64C Woodville Road, WOODVILLE",-34.87935889,138.5367158
289,SALHN,CALHN,Towards Independence Sobering Up Unit,62 Whitmore Square,ADELAIDE,,"Towards Independence Sobering Up Unit, 62 Whitmore Square, ADELAIDE",-34.93395719,138.5950546
290,SALHN,CALHN,Uniting Communities - Adelaide,43 Franklin Street,ADELAIDE,,"Uniting Communities - Adelaide, 43 Franklin Street, ADELAIDE",-34.92744832,138.5974231
291,SALHN,NALHN,Uniting Communities - Smithfield,26 Anderson Walk,SMITHFIELD,,"Uniting Communities - Smithfield, 26 Anderson Walk, SMITHFIELD",-34.68138049,138.688172
292,SALHN,SALHN,Aboriginal Health - Minunthi Tapa Inparrititya,13 Wingfield Street,CLOVELLY PARK,,"Aboriginal Health - Minunthi Tapa Inparrititya, 13 Wingfield Street, CLOVELLY PARK",-34.99460994,138.5741699
293,SALHN,SALHN,DASSA - Southern Services,1/209 Main South Road,MORPHETT VALE,,"DASSA - Southern Services, 1/209 Main South Road, MORPHETT VALE",-35.11845089,138.5221198
294,SALHN,SALHN,Flinders Eye Clinic,5 Laffer Drive,BEDFORD PARK,,"Flinders Eye Clinic, 5 Laffer Drive, BEDFORD PARK",-35.01934854,138.5658163
295,SALHN,SALHN,Flinders Medical Centre,Flinders Drive,BEDFORD PARK,,"Flinders Medical Centre, Flinders Drive, BEDFORD PARK",-35.02267742,138.5690788
296,SALHN,SALHN,GP Plus - Aldinga,1 Pridham Boulevard,ALDINGA,,"GP Plus - Aldinga, 1 Pridham Boulevard, ALDINGA",-35.27589363,138.4607493
297,SALHN,SALHN,GP Plus - Marion,10 Milham Street,OAKLANDS PARK,,"GP Plus - Marion, 10 Milham Street, OAKLANDS PARK",-35.01347932,138.5423298
298,SALHN,SALHN,GP Plus Super Clinic - Noarlunga,Alexander Kelly Drive,NOARLUNGA,,"GP Plus Super Clinic - Noarlunga, Alexander Kelly Drive, NOARLUNGA",-35.13938272,138.4989438
299,SALHN,SALHN,Keyboard Services - Repat,216 Daws Road ,DAW PARK,,"Keyboard Services - Repat, 216 Daws Road , DAW PARK",-34.99147489,138.5896714
300,SALHN,SALHN,Noarlunga Hospital,Alexander Kelly Drive,NOARLUNGA,,"Noarlunga Hospital, Alexander Kelly Drive, NOARLUNGA",-35.13915063,138.5002115
301,SALHN,SALHN,Older Persons Mental Health Service (OPMHS) Southern Team,216 Daws Road ,DAW PARK,,"Older Persons Mental Health Service (OPMHS) Southern Team, 216 Daws Road , DAW PARK",-34.99186812,138.5885827
302,SALHN,SALHN,Repatriation Health Precinct,"Gate 8, 800 Goodwood Road",DAW PARK,,"Repatriation Health Precinct, Gate 8, 800 Goodwood Road, DAW PARK",-34.99171833,138.5900832
303,SALHN,SALHN,RepatriationHealth Precinct,216 Daws Road,DAW PARK,,"RepatriationHealth Precinct, 216 Daws Road, DAW PARK",-34.99171833,138.5900832
304,SALHN,SALHN,Rehab V Rehabilitation Ward - Repat,216 Daws Road ,DAW PARK,,"Rehab V Rehabilitation Ward - Repat, 216 Daws Road , DAW PARK",-34.99171833,138.5900832
305,SALHN,SALHN,SALHN Administration,"Mark Oliphant Building, 5 Laffer Drive ",BEDFORD PARK,,"SALHN Administration, Mark Oliphant Building, 5 Laffer Drive , BEDFORD PARK",-35.01934711,138.5657872
306,SALHN,SALHN,SALHN Admin Offices - Clovelly Park,Level 1 1284 South Road,CLOVELLY PARK,,"SALHN Admin Offices - Clovelly Park, Level 1 1284 South Road, CLOVELLY PARK",-35.00883417,138.5750373
307,SALHN,SALHN,SALHN Corporate Services Offices - Repat,"Gate 3,216 Daws Road",DAW PARK,,"SALHN Corporate Services Offices - Repat, Gate 3,216 Daws Road, DAW PARK",-34.99159678,138.5899138
308,SALHN,SALHN,SALHN Medical Records,"Level 2, 6 MAB Circuit ",TONSLEY,,"SALHN Medical Records, Level 2, 6 MAB Circuit , TONSLEY",-35.00745994,138.5735597
309,SALHN,SALHN,SA Pharmacy - Flinders Medical Centre (FMC),Flinders Drive,BEDFORD PARK,,"SA Pharmacy - Flinders Medical Centre (FMC), Flinders Drive, BEDFORD PARK",-35.02266813,138.5690823
310,SALHN,SALHN,SA Pharmacy - Noarlunga Hospital,Alexander Kelly Drive,NOARLUNGA,,"SA Pharmacy - Noarlunga Hospital, Alexander Kelly Drive, NOARLUNGA",-35.13943343,138.5001289
311,SALHN,SALHN,SA Pharmacy - Repatriation Health Precinct,222 Daws Road,DAW PARK,,"SA Pharmacy - Repatriation Health Precinct, 222 Daws Road, DAW PARK",-34.99155276,138.5899783
312,SALHN,SALHN,Southern Intermediate Care,Lot 97 Jackson Place,NOARLUNGA,closed,"Southern Intermediate Care, Lot 97 Jackson Place, NOARLUNGA",-35.14140201,138.5019231
313,SALHN,SALHN,Statewide Eating Disorder Service,2A Jetty Road,BRIGHTON,,"Statewide Eating Disorder Service, 2A Jetty Road, BRIGHTON",-35.01667094,138.5224649
314,SALHN,SALHN,The Trevor Parry Community Rehabilitation Centre,9 Grey Box Avenue ,NOARLUNGA,,"The Trevor Parry Community Rehabilitation Centre, 9 Grey Box Avenue , NOARLUNGA",-35.13990424,138.5037545
315,SALHN,SALHN,Transition to Home - SALHN,Lot 97 Jackson Place,NOARLUNGA,,"Transition to Home - SALHN, Lot 97 Jackson Place, NOARLUNGA",-35.14141554,138.5019639
316,SALHN,SALHN,Uniting Communities - Christies Beach,3/107 Dyson Road,CHRISTIES BEACH,,"Uniting Communities - Christies Beach, 3/107 Dyson Road, CHRISTIES BEACH",-35.13666439,138.4858543
317,SALHN,BHFLHN,DASSA - NSP - Gawler Health Service ,21 Hutchinson Road,GAWLER EAST,,"DASSA - NSP - Gawler Health Service , 21 Hutchinson Road, GAWLER EAST",-34.59328512,138.7552384
318,SALHN,BHFLHN,DASSA - NSP - Mount Barker District Soldiers' Memorial Hospital,87 Wellington Road,MOUNT BARKER,,"DASSA - NSP - Mount Barker District Soldiers' Memorial Hospital, 87 Wellington Road, MOUNT BARKER",-35.08228873,138.86997
319,SALHN,BHFLHN,DASSA - NSP - Southern Fleurieu Health Service,Harbor View Terrace,VICTOR HARBOR,,"DASSA - NSP - Southern Fleurieu Health Service, Harbor View Terrace, VICTOR HARBOR",-35.56128922,138.6072983
320,SALHN,BHFLHN,DASSA - NSP - Strathalbyn and District Health Service,14 Alfred Place,STRATHALBYN,,"DASSA - NSP - Strathalbyn and District Health Service, 14 Alfred Place, STRATHALBYN",-35.25767442,138.8933885
321,SALHN,BHFLHN,DASSA - NSP - Tanunda War Memorial Hospital,15 Mill Street,TANUNDA,,"DASSA - NSP - Tanunda War Memorial Hospital, 15 Mill Street, TANUNDA",-34.52793663,138.9610203
322,SALHN,BHFLHN,DASSA - Woolshed Therapeutic Community,37 Henry Martin Road,ASHBOURNE,,"DASSA - Woolshed Therapeutic Community, 37 Henry Martin Road, ASHBOURNE",-35.27946656,138.7737372
323,SALHN,CALHN,DASSA - Central Services,75-91 Magill Road,STEPNEY,,"DASSA - Central Services, 75-91 Magill Road, STEPNEY",-34.91508684,138.629551
324,SALHN,CALHN,DASSA - Clinic H Adelaide,82 King William Street,ADELAIDE,,"DASSA - Clinic H Adelaide, 82 King William Street, ADELAIDE",-34.92454381,138.6000376
325,SALHN,CALHN,DASSA - Glenside Health,226 Fullarton Road,GLENSIDE,,"DASSA - Glenside Health, 226 Fullarton Road, GLENSIDE",-34.94552884,138.6281931
326,SALHN,CALHN,DASSA - NSP - Hutt Street Centre,258 Hutt Street,ADELAIDE,,"DASSA - NSP - Hutt Street Centre, 258 Hutt Street, ADELAIDE",-34.93424351,138.6128928
327,SALHN,EFNLHN,DASSA - Ceduna,3 Eyre Highway,CEDUNA,,"DASSA - Ceduna, 3 Eyre Highway, CEDUNA",-32.11930114,133.672484
328,SALHN,EFNLHN,DASSA - NSP - Coober Pedy Hospital,Lot 89 Hospital Road,COOBER PEDY,,"DASSA - NSP - Coober Pedy Hospital, Lot 89 Hospital Road, COOBER PEDY",-29.00487772,134.7622393
329,SALHN,EFNLHN,DASSA - NSP - Tumby Bay Hospital & Health Service,8 Esplanade,TUMBY BAY,,"DASSA - NSP - Tumby Bay Hospital & Health Service, 8 Esplanade, TUMBY BAY",-34.37235287,136.1040421
330,SALHN,EFNLHN,DASSA - NSP - West Coast Youth & Community Support,7 Mortlock Terrace,PORT LINCOLN,,"DASSA - NSP - West Coast Youth & Community Support, 7 Mortlock Terrace, PORT LINCOLN",-34.72390105,135.8598425
331,SALHN,FUNLHN,DASSA - NSP - Nunyara Aboriginal Health Service,17/23 Tully Street,WHYALLA,,"DASSA - NSP - Nunyara Aboriginal Health Service, 17/23 Tully Street, WHYALLA",-33.01605408,137.517692
332,SALHN,FUNLHN,DASSA - NSP - Port Augusta Hospital and Regional Health Service,71 Hospital Road,PORT AUGUSTA,,"DASSA - NSP - Port Augusta Hospital and Regional Health Service, 71 Hospital Road, PORT AUGUSTA",-32.51005929,137.7758761
333,SALHN,FUNLHN,DASSA - NSP - Port Augusta Substance Misuse Service,Elizabeth Terrace,PORT AUGUSTA,,"DASSA - NSP - Port Augusta Substance Misuse Service, Elizabeth Terrace, PORT AUGUSTA",-32.51100444,137.7763852
334,SALHN,FUNLHN,DASSA - NSP - Whyalla Hospital and Health Service,20 Wood Terrace,WHYALLA,,"DASSA - NSP - Whyalla Hospital and Health Service, 20 Wood Terrace, WHYALLA",-33.03398092,137.5772982
335,SALHN,LCLHN,DASSA - Mount Gambier,Whel Street,MOUNT GAMBIER,,"DASSA - Mount Gambier, Whel Street, MOUNT GAMBIER",-37.8054638,140.787207
336,SALHN,LCLHN,DASSA - Uniting Communities Mt Gambier,2B Helen Street,MOUNT GAMBIER,,"DASSA - Uniting Communities Mt Gambier, 2B Helen Street, MOUNT GAMBIER",-37.83023352,140.7792054
337,SALHN,NALHN,DASSA - GP Plus - Elizabeth,16 Playford Avenue,ELIZABETH,,"DASSA - GP Plus - Elizabeth, 16 Playford Avenue, ELIZABETH",-34.71695603,138.6712216
338,SALHN,NALHN,DASSA - Northern Services,22 Langford Drive,ELIZABETH,,"DASSA - Northern Services, 22 Langford Drive, ELIZABETH",-34.71962173,138.6642436
339,SALHN,RMCLHN,DASSA - Berri,23 Cornwall Street ,BERRI,,"DASSA - Berri, 23 Cornwall Street , BERRI",-34.27695393,140.6015626
340,SALHN,RMCLHN,DASSA - NSP - Country Health Connect,96 Swanport Road,MURRAY BRIDGE,,"DASSA - NSP - Country Health Connect, 96 Swanport Road, MURRAY BRIDGE",-35.13011266,139.2801674
341,SALHN,RMCLHN,DASSA - NSP - iREACH Rural Health Incorporated,L1/55 Adelaide Road,MURRAY BRIDGE,,"DASSA - NSP - iREACH Rural Health Incorporated, L1/55 Adelaide Road, MURRAY BRIDGE",-35.1217889,139.269189
342,SALHN,RMCLHN,DASSA - NSP - Mannum District Hospital,Parker Street,MANNUM,,"DASSA - NSP - Mannum District Hospital, Parker Street, MANNUM",-34.91654333,139.3083622
343,SALHN,RMCLHN,DASSA - NSP - Murray Bridge Soldiers' Memorial Hospital,96 Swanport Road,MURRAY BRIDGE,,"DASSA - NSP - Murray Bridge Soldiers' Memorial Hospital, 96 Swanport Road, MURRAY BRIDGE",-35.1288935,139.2806153
344,SALHN,RMCLHN,DASSA - NSP - Tailem Bend District Hospital,74 Princes Highway,TAILEM BEND,,"DASSA - NSP - Tailem Bend District Hospital, 74 Princes Highway, TAILEM BEND",-35.25477663,139.4526827
345,SALHN,YNLHN,DASSA - Balaklava,War Memorial Drive,BALAKLAVA,,"DASSA - Balaklava, War Memorial Drive, BALAKLAVA",-34.13960866,138.4198964
346,SALHN,YNLHN,DASSA - Crystal Brook,Edmund Terrace ,CRYSTAL BROOK,,"DASSA - Crystal Brook, Edmund Terrace , CRYSTAL BROOK",-34.13960613,138.4195801
347,SALHN,YNLHN,DASSA - NSP - Burra Hospital,46 Commercial Street,BURRA,,"DASSA - NSP - Burra Hospital, 46 Commercial Street, BURRA",-33.68543259,138.9343526
348,SALHN,YNLHN,DASSA - NSP - Clare Hospital,47 Farrell Flat Road,CLARE,,"DASSA - NSP - Clare Hospital, 47 Farrell Flat Road, CLARE",-33.82946652,138.6143958
349,SALHN,YNLHN,DASSA - NSP - Peterborough Soldiers' Memorial Hospital and Health Service,23 Hurlstone Street,PETERBOROUGH,,"DASSA - NSP - Peterborough Soldiers' Memorial Hospital and Health Service, 23 Hurlstone Street, PETERBOROUGH",-32.98065574,138.8306305
350,SALHN,YNLHN,DASSA - NSP - Port Broughton District Hospital and Health Service,Bay Street,PORT BROUGHTON,,"DASSA - NSP - Port Broughton District Hospital and Health Service, Bay Street, PORT BROUGHTON",-33.60098222,137.9339408
351,SALHN,YNLHN,DASSA - NSP - Port Pirie Regional Health Service,The Terrace and Alexander Street,PORT PIRIE,,"DASSA - NSP - Port Pirie Regional Health Service, The Terrace and Alexander Street, PORT PIRIE",-33.17732909,138.0044254
352,SALHN,YNLHN,DASSA - NSP - Snowtown Hospital,South Terrace,SNOWTOWN,,"DASSA - NSP - Snowtown Hospital, South Terrace, SNOWTOWN",-33.78702512,138.2125482
353,SALHN,YNLHN,DASSA - NSP - Wallaroo Hospital and Health Service,Ernest Terrace,WALLAROO,,"DASSA - NSP - Wallaroo Hospital and Health Service, Ernest Terrace, WALLAROO",-33.92782886,137.6366534
354,YNLHN,YNLHN,Balaklava Hospital and Health Service,War Memorial Drive,BALAKLAVA,,"Balaklava Hospital and Health Service, War Memorial Drive, BALAKLAVA",-34.13955137,138.4199316
355,YNLHN,YNLHN,Booleroo Centre District Hospital,Stephens Street,BOOLEROO CENTRE,,"Booleroo Centre District Hospital, Stephens Street, BOOLEROO CENTRE",-32.87810598,138.3506636
356,YNLHN,YNLHN,Burra Hospital,46 Commercial Street,BURRA,,"Burra Hospital, 46 Commercial Street, BURRA",-33.68540833,138.9343181
357,YNLHN,YNLHN,Clare Hospital,47 Farrell Flat Road,CLARE,,"Clare Hospital, 47 Farrell Flat Road, CLARE",-33.82946778,138.6144014
358,YNLHN,YNLHN,Clare RSL Building,Lot 94 Burton Street,CLARE,closed,"Clare RSL Building, Lot 94 Burton Street, CLARE",-33.83344718,138.6109679
359,YNLHN,YNLHN,Crystal Brook and District Hospital,Edmund Terrace,CRYSTAL BROOK,,"Crystal Brook and District Hospital, Edmund Terrace, CRYSTAL BROOK",-33.35442204,138.2131646
360,YNLHN,YNLHN,Jamestown Hospital and Health Service,South Terrace,JAMESTOWN,,"Jamestown Hospital and Health Service, South Terrace, JAMESTOWN",-33.21261385,138.616708
361,YNLHN,YNLHN,Laura and Districts Hospital,Mill Street,LAURA,,"Laura and Districts Hospital, Mill Street, LAURA",-33.17504621,138.2986533
362,YNLHN,YNLHN,Maitland Hospital and Health Services,65 Robert Street,MAITLAND,,"Maitland Hospital and Health Services, 65 Robert Street, MAITLAND",-34.37045636,137.6742515
363,YNLHN,YNLHN,Melaleuca Court Nursing Home,44 First Street ,MINLATON,,"Melaleuca Court Nursing Home, 44 First Street , MINLATON",-34.77411913,137.593849
364,YNLHN,YNLHN,Northern York Peninsula Regional Health,Ernest Terrace,WALLAROO,,"Northern York Peninsula Regional Health, Ernest Terrace, WALLAROO",-33.9286049,137.6365791
365,YNLHN,YNLHN,Orroroo Community Home - Orroroo and District Health Service,32 Fifth Street,ORROROO,,"Orroroo Community Home - Orroroo and District Health Service, 32 Fifth Street, ORROROO",-32.73672975,138.6116876
366,YNLHN,YNLHN,Orroroo District Hospital, 68 Price Maurice Road,ORROROO,,"Orroroo District Hospital,  68 Price Maurice Road, ORROROO",-32.73859245,138.6080949
367,YNLHN,YNLHN,Peterborough Soldier's Memorial Hospital,23 Hurlstone Street ,PETERBOROUGH,,"Peterborough Soldier's Memorial Hospital, 23 Hurlstone Street , PETERBOROUGH",-32.98065855,138.8306346
368,YNLHN,YNLHN,Port Broughton District Hospital and Health Service,Bay Street,PORT BROUGHTON,,"Port Broughton District Hospital and Health Service, Bay Street, PORT BROUGHTON",-33.60098855,137.9339117
369,YNLHN,YNLHN,Port Pirie Regional Health Service,The Terrace and Alexander Street,PORT PIRIE,,"Port Pirie Regional Health Service, The Terrace and Alexander Street, PORT PIRIE",-33.17734145,138.0044485
370,YNLHN,YNLHN,Riverton District Soldiers’ Memorial Hospital,Moorhouse Terrace,RIVERTON,,"Riverton District Soldiers’ Memorial Hospital, Moorhouse Terrace, RIVERTON",-34.16035036,138.742641
371,YNLHN,YNLHN,Snowtown Hospital,70 Railway Terrace,SNOWTOWN,,"Snowtown Hospital, 70 Railway Terrace, SNOWTOWN",-33.78703423,138.2125405
372,YNLHN,YNLHN,Southern Yorke Peninsula Health Service (Yorketown),19 Waterloo Bay Road,YORKETOWN,,"Southern Yorke Peninsula Health Service (Yorketown), 19 Waterloo Bay Road, YORKETOWN",-35.02119533,137.6049741
373,YNLHN,YNLHN,Yorke Peninsula Community Mental Health Services,10 Warooka Road,YORKETOWN,,"Yorke Peninsula Community Mental Health Services, 10 Warooka Road, YORKETOWN",-35.02120578,137.6049365
374,WCHN,BHFLHN,CAMHS - Mount Barker,23 Victoria Crescent ,MOUNT BARKER,,"CAMHS - Mount Barker, 23 Victoria Crescent , MOUNT BARKER",-35.06951325,138.8651341
375,WCHN,BHFLHN,CAFHS - Nuriootpa,Corner First and Second Streets,NURIOOTPA,,"CAFHS - Nuriootpa, Corner First and Second Streets, NURIOOTPA",-34.47029833,138.9961513
376,WCHN,CALHN,3D Health,107 Sir Donald Bradman Drive,HILTON,,"3D Health, 107 Sir Donald Bradman Drive, HILTON",-34.93217753,138.567143
377,WCHN,CALHN,CAFHS - Adelaide,295 South Terrace,ADELAIDE,,"CAFHS - Adelaide, 295 South Terrace, ADELAIDE",-34.93498952,138.6103087
378,WCHN,CALHN,CAFHS - Cowandilla,34 Wilson Street,COWANDILLA,,"CAFHS - Cowandilla, 34 Wilson Street, COWANDILLA",-34.93412391,138.5574347
379,WCHN,CALHN,CAFHS - Port Adelaide,253 Commercial Road,PORT ADELAIDE,,"CAFHS - Port Adelaide, 253 Commercial Road, PORT ADELAIDE",-34.8492266,138.5090118
380,WCHN,CALHN,CAFHS - Woodville,795 Port Road,WOODVILLE,,"CAFHS - Woodville, 795 Port Road, WOODVILLE",-34.87985559,138.5348274
381,WCHN,CALHN,CAMHS - Central Metropolitan - Western Team,78-80 Dale Street,PORT ADELAIDE,,"CAMHS - Central Metropolitan - Western Team, 78-80 Dale Street, PORT ADELAIDE",-34.84681914,138.5051193
382,WCHN,CALHN,CAMHS Connect - WCHN,55 King William Road ,NORTH ADELAIDE ,,"CAMHS Connect - WCHN, 55 King William Road , NORTH ADELAIDE ",-34.91091919,138.5986992
383,WCHN,CALHN,SA Pharmacy - Women's and Children's Hospital (WCH),78 King William Road,NORTH ADELAIDE,,"SA Pharmacy - Women's and Children's Hospital (WCH), 78 King William Road, NORTH ADELAIDE",-34.91202261,138.6002428
386,WCHN,CALHN,WCHN Genetics Department,"Level 2, 55 King William Road",NORTH ADELAIDE ,,"WCHN Genetics Department, Level 2, 55 King William Road, NORTH ADELAIDE ",-34.91088438,138.5994862
384,WCHN,CALHN,WCHN Media and Comms Department,"Level 2, 55 King William Road",NORTH ADELAIDE ,,"WCHN Media and Comms Department, Level 2, 55 King William Road, NORTH ADELAIDE ",-34.91088438,138.5994862
385,WCHN,CALHN,WCHN Research Ethics and Governance,"Level 2, 55 King William Road",NORTH ADELAIDE ,,"WCHN Research Ethics and Governance, Level 2, 55 King William Road, NORTH ADELAIDE ",-34.91088438,138.5994862
387,WCHN,CALHN,WCHN Safety and Quality Unit,"Level 2, 77 King William Road",NORTH ADELAIDE ,,"WCHN Safety and Quality Unit, Level 2, 77 King William Road, NORTH ADELAIDE ",-34.9109073,138.5987053
389,WCHN,CALHN,WCHN Child Protection Services,"Level 3, 77 King William Road",NORTH ADELAIDE ,,"WCHN Child Protection Services, Level 3, 77 King William Road, NORTH ADELAIDE ",-34.9109073,138.5987053
390,WCHN,CALHN,Women’s and Children’s Hospital,72 King William Road,NORTH ADELAIDE,,"Women’s and Children’s Hospital, 72 King William Road, NORTH ADELAIDE",-34.91190775,138.5998867
391,WCHN,CALHN,Yarrow Place and Womer’s Safety,64 Pennington Terrace ,NORTH ADELAIDE,,"Yarrow Place and Women’s Safety, 64 Pennington Terrace , NORTH ADELAIDE",-34.91262139,138.5959659
392,WCHN,FUNLHN,CAFHS - Port Augusta,5 Young Street ,PORT AUGUSTA,,"CAFHS - Port Augusta, 5 Young Street , PORT AUGUSTA",-32.49041494,137.7658823
393,WCHN,FUNLHN,CAFHS - Whyalla,51 Playford Avenue ,WHYALLA PLAYFORD,,"CAFHS - Whyalla, 51 Playford Avenue , WHYALLA PLAYFORD",-33.0303147,137.5671239
394,WCHN,NALHN,CAFHS - Angle Park Children’s Centre,50 Trafford Street,ANGLE PARK,,"CAFHS - Angle Park Children’s Centre, 50 Trafford Street, ANGLE PARK",-34.85821003,138.5570646
395,WCHN,NALHN,CAFHS - Elizabeth,1 Frobisher Road,ELIZABETH,,"CAFHS - Elizabeth, 1 Frobisher Road, ELIZABETH",-34.71859259,138.6702064
396,WCHN,NALHN,CAFHS - Elizabeth Grove,Gunther Street,ELIZABETH GROVE,,"CAFHS - Elizabeth Grove, Gunther Street, ELIZABETH GROVE",-34.73272336,138.670372
397,WCHN,NALHN,CAFHS - Ingle Farm,2 Belalie Road,INGLE FARM,,"CAFHS - Ingle Farm, 2 Belalie Road, INGLE FARM",-34.82721208,138.6428391
398,WCHN,NALHN,CAFHS - Munno Para,Anderson Walk/Morialta Drive,SMITHFIELD,,"CAFHS - Munno Para, Anderson Walk/Morialta Drive, SMITHFIELD",-34.68304408,138.6888184
399,WCHN,NALHN,CAFHS - Salisbury,23 Wiltshire Street,SALISBURY,,"CAFHS - Salisbury, 23 Wiltshire Street, SALISBURY",-34.76207894,138.6485286
400,WCHN,NALHN,CAFHS - Salisbury,59-61 Commercial Road ,SALISBURY,,"CAFHS - Salisbury, 59-61 Commercial Road , SALISBURY",-34.76077969,138.6494517
401,WCHN,NALHN,Metropolitan Youth Heath - Angle Park,Unit 1 40-44 Trafford Street,ANGLE PARK,,"Metropolitan Youth Heath - Angle Park, Unit 1 40-44 Trafford Street, ANGLE PARK",-34.8590171,138.5571592
402,WCHN,NALHN,CAMHS - Central Metropolitan - Eastern Team,55 Watson Avenue ,ENFIELD,,"CAMHS - Central Metropolitan - Eastern Team, 55 Watson Avenue , ENFIELD",-34.86992555,138.609692
403,WCHN,NALHN,CAMHS - Northern Metropolitan,50 Elizabeth Way,ELIZABETH,,"CAMHS - Northern Metropolitan, 50 Elizabeth Way, ELIZABETH",-34.71816503,138.6683417
404,WCHN,RMCLHN,CAFHS - Murray Bridge,11A West Terrace ,MURRAY BRIDGE,,"CAFHS - Murray Bridge, 11A West Terrace , MURRAY BRIDGE",-35.11739897,139.2715855
405,WCHN,RMCLHN,CAMHS - Murray Bridge,U4/2 Sturt Reserve Road,MURRAY BRIDGE,,"CAMHS - Murray Bridge, U4/2 Sturt Reserve Road, MURRAY BRIDGE",-35.12144743,139.2781764
406,WCHN,RMCLHN,CAMHS - Riverland,"Centre Point Mall, Shop 4/12 Denny Street ",BERRI,,"CAMHS - Riverland, Centre Point Mall, Shop 4/12 Denny Street , BERRI",-34.2870973,140.6012203
407,WCHN,SALHN,CAFHS - Edwardstown,2 Furness Avenue,EDWARDSTOWN,,"CAFHS - Edwardstown, 2 Furness Avenue, EDWARDSTOWN",-34.98330173,138.5733156
408,WCHN,SALHN,CAFHS - Marion,"Marion Westfield, Sc/297 Diagonal Road",OAKLANDS PARK,,"CAFHS - Marion, Marion Westfield, Sc/297 Diagonal Road, OAKLANDS PARK",-35.01569219,138.5464097
409,WCHN,SALHN,CAFHS - Morphett Vale,211 Main South Road,MORPHETT VALE,,"CAFHS - Morphett Vale, 211 Main South Road, MORPHETT VALE",-35.11810614,138.5224531
410,WCHN,SALHN,CAFHS - Seaford,Main Street / Grand Boulevard,SEAFORD,,"CAFHS - Seaford, Main Street / Grand Boulevard, SEAFORD",-35.18687529,138.479993
411,WCHN,SALHN,CAMHS - Southern Metropolitan,Unit 3/209 Main South Road,MORPHETT VALE,,"CAMHS - Southern Metropolitan, Unit 3/209 Main South Road, MORPHETT VALE",-35.11848148,138.5219511
412,WCHN,SALHN,3D Health & Metropolitan Youth Health (MYH),50a Beach Road,CHRISTIES BEACH,,"3D Health & Metropolitan Youth Health (MYH), 50a Beach Road, CHRISTIES BEACH",-35.13932981,138.475859
413,WCHN,CALHN,CAMHS Connect - WCHN,55 King William Road ,NORTH ADELAIDE ,,"CAMHS Connect - WCHN, 55 King William Road , NORTH ADELAIDE ",-34.91091136,138.5986838
414,WCHN,CALHN,WCHN Media and Comms Department,"Level 2, 55 King William Road",NORTH ADELAIDE ,,"WCHN Media and Comms Department, Level 2, 55 King William Road, NORTH ADELAIDE ",-34.91088438,138.5994862
415,WCHN,CALHN,WCHN Research Ethics & Governance,"Level 2, 55 King William Road",NORTH ADELAIDE ,,"WCHN Research Ethics and Governance, Level 2, 55 King William Road, NORTH ADELAIDE ",-34.91088438,138.5994862
416,WCHN,CALHN,WCHN Genetics Department,"Level 2, 55 King William Road",NORTH ADELAIDE ,,"WCHN Genetics Department, Level 2, 55 King William Road, NORTH ADELAIDE ",-34.91088438,138.5994862
417,WCHN,CALHN,WCH Safety and Quality Unit,"Level 2, 77 King William Road",NORTH ADELAIDE ,,"WCHN Safety and Quality Unit, Level 2, 77 King William Road, NORTH ADELAIDE ",-34.9109073,138.5987053
418,WCHN,CALHN,WCHN Child Protection Services,"Level 3, 77 King William Road",NORTH ADELAIDE ,,"WCHN Child Protection Services, Level 3, 77 King William Road, NORTH ADELAIDE ",-34.9109073,138.5987053
419,WCHN,CALHN,Women’s and Children’s Hospital,72 King William Road,NORTH ADELAIDE,,"Women’s and Children’s Hospital, 72 King William Road, NORTH ADELAIDE",-34.9119005,138.5998919
420,WCHN,CALHN,Yarrow Place and Womer’s Safety,64 Pennington Terrace ,NORTH ADELAIDE,,"Yarrow Place and Womer’s Safety, 64 Pennington Terrace , NORTH ADELAIDE",-34.91262139,138.5959659
421,WCHN,YNLHN,CAFHS - Port Pirie,14 Fourth Street ,PORT PIRIE WEST,,"CAFHS - Port Pirie, 14 Fourth Street , PORT PIRIE WEST",-33.18228974,138.0024245
422,WCHN,YNLHN,CAMHS - Country Northern,59 Mary Elie Street ,PORT PIRIE,,"CAMHS - Country Northern, 59 Mary Elie Street , PORT PIRIE",-33.18290567,138.0061023
423,DHW,CALHN,DHW - Australian Bragg Centre,854 North Terrace,ADELAIDE,,"DHW - Australian Bragg Centre, 854 North Terrace, ADELAIDE",-34.92160606,138.5903732
424,DHW,CALHN,DHW - Citi Centre Building,11 Hindmarsh Square,ADELAIDE,,"DHW - Citi Centre Building, 11 Hindmarsh Square, ADELAIDE",-34.92307518,138.605101
425,DHW,CALHN,DHW - Naylor House,191 Pulteney Street,ADELAIDE,,"DHW - Naylor House, 191 Pulteney Street, ADELAIDE",-34.92644813,138.6055079
426,DHW,NALHN,DHW - SA Health Distribution Centre,27 Matthews Road ,GEPPS CROSS,,"DHW - SA Health Distribution Centre, 27 Matthews Road , GEPPS CROSS",-34.83657231,138.603564
